Periodo detencao (anos),N.. de participacoes SCR,% Part. SCR,% Valor SCR,N.. de participacoes FCR,% Part. FCR,% Valor FCR,N.. de participacoes Total,% Part. Total,% Valor Total
[0-2[,19,0.193877551,1.3,178,0.2986577181,17.3,197,0.2838616715,11.4
[2-4[,14,0.1428571429,7.1,141,0.2365771812,19.9,155,0.2233429395,15.2
[4-6[,14,0.1428571429,77.2,109,0.182885906,26.7,123,0.1772334294,45.3
[6-8[,12,0.1224489796,4.6,80,0.1342281879,23.3,92,0.1325648415,16.4
[8-10[,11,0.112244898,1.3,48,0.08053691275,9.3,59,0.08501440922,6.3
>=10,28,0.2857142857,8.5,40,0.06711409396,3.5,68,0.09798270893,5.4
Total,98,1,100,596,1,100,694,1,100